{
    "mape(%)": 11.143550217890557,
    "rmse": 27.587171235262847,
    "mae": 25.20042625427246
}