{
    "mape(%)": 16.59964763264498,
    "rmse": 24.45138647490441,
    "mae": 21.597566452026367
}