{
    "mape(%)": 3.191038530857273,
    "rmse": 12.595439541409393,
    "mae": 8.551057434082031
}