{
    "mape(%)": 6.975563819029527,
    "rmse": 18.119482529756088,
    "mae": 15.785905303955078
}