{
    "mape(%)": 13.48283577543137,
    "rmse": 20.172359493548914,
    "mae": 17.56489486694336
}