{
    "mape(%)": 7.529243973794625,
    "rmse": 19.23978595058765,
    "mae": 17.030728225708007
}