{
    "mape(%)": 11.618835493683603,
    "rmse": 28.621550120603132,
    "mae": 26.255574188232423
}