{
    "mape(%)": 3.70803780040659,
    "rmse": 12.281607109947927,
    "mae": 9.305428314208985
}