{
    "mape(%)": 12.899757113542035,
    "rmse": 19.27249694297348,
    "mae": 16.798186798095703
}